volume,concurrency,repeat,successes,durationSeconds,tps,successRate,meanTransactionMs
10,4,1,10,0.9672041120000031,10.339079286296467,100,316.55801740000027
10,4,2,10,0.9768356510000012,10.237136605080753,100,319.11503879999947
10,4,3,10,0.9657015510000019,10.355166137659005,100,321.47009580000014
50,4,1,50,4.505217233000003,11.09824397229015,100,345.8995690399998
50,4,2,50,4.703807814,10.629685985720844,100,363.7893420199995
50,4,3,50,4.363047528000003,11.459879746696165,100,336.23392242000017
100,4,1,100,8.566853881000002,11.672896653669442,100,342.0337767899996
100,4,2,100,8.054731032999989,12.415063841399922,100,321.54710148999993
100,4,3,100,8.551386161000002,11.694010551887645,100,341.3603684499994
100,1,1,100,27.431936638999993,3.6453860810479553,100,274.11665035000044
100,1,2,100,27.626603650000003,3.619699376256842,100,276.1032561200003
100,1,3,100,27.28873795399998,3.6645153824470658,100,272.48689838999996
100,8,1,100,5.128934049999982,19.497228668791394,100,394.20493381999984
100,8,2,100,5.26029591700001,19.01033736083631,100,405.8557384299999
100,8,3,100,5.711525656999991,17.508456760137452,100,439.44006261999834
